"","V1","V2","V3","V4","V5","V6","V7","V8","V9","V10","V11","V12","V13","V14","V15","V16","V17","V18","V19","V20","V21","V22","V23","V24","V25"
"1",3436635.98484139,3443996.39448857,3448563.67735675,3425998.97195254,3409276.90808537,3456421.40599348,3433534.84941442,3450851.16221806,3399973.98634027,3422663.93060641,3431853.70186018,3463021.98368348,3455912.7026605,3450885.51229346,3442047.15665801,3451442.29084326,3452011.49754561,3467410.68384699,3442320.6367527,3483727.00722136,3430784.25142585,3452065.11713922,3480666.55523024,3457750.25543339,3449327.21579614
"2",3370711.74127214,3382933.10443734,3392469.05239869,3362813.29449372,3342496.78613745,3405711.56372179,3372886.77715355,3396458.06116598,3330629.11045099,3355162.20627127,3370848.52153615,3416877.17510271,3396001.43036144,3392336.33576986,3389219.27128236,3384322.8836587,3390304.93788832,3419914.78185206,3369347.23699339,3455516.58112251,3364964.3852034,3391425.01485078,3451108.74096937,3401470.54999038,3397890.99185581
"3",3369629.36966451,3398148.41181944,3409678.74294509,3371746.13596539,3335292.49974906,3430858.0869427,3381978.2755028,3416648.02479716,3318308.65151092,3359404.93175884,3381120.9475016,3445640.07913941,3409799.66058793,3416104.55758333,3414804.51450925,3390789.78397398,3399946.84518633,3446736.62762836,3355635.92010131,3496396.25142035,3371512.52114381,3405732.66080783,3492207.40233839,3419082.99675618,3425577.36800845
"4",3411252.76430678,3442985.05721653,3453212.44207767,3412236.32783233,3370349.14550124,3479739.52964312,3422782.87151164,3464091.894582,3349463.34108719,3397510.61729803,3421986.82279699,3497402.38719669,3455076.08553874,3465562.50946787,3462175.64863215,3434974.76128842,3441870.24351986,3496927.37498773,3393319.94961314,3556043.20054644,3413316.38291622,3451570.68045371,3552241.75584166,3463469.92646361,3474842.86491554
"5",3376574.88450994,3411553.71961834,3424445.62117378,3377554.40682491,3332589.80851922,3457448.09900989,3388418.31072469,3433999.90371365,3308025.65282717,3359790.58383846,3390177.70088263,3475202.02603597,3420458.49145729,3435397.6174177,3436327.72719309,3393183.33164898,3407233.34568127,3472734.66909574,3348604.91010327,3559021.92796519,3376275.30148255,3416010.08237008,3549692.84126688,3435387.1275968,3452703.95992109
"6",3436924.29497423,3474034.96052608,3483776.41786371,3434239.5566105,3384675.00731486,3520770.756529,3445604.66407677,3497163.24141075,3357233.9338247,3416236.70233728,3446926.69518317,3541164.5090348,3484019.35193301,3502272.27259095,3498244.31811276,3457098.13449326,3466456.85721785,3537887.58500604,3407020.94845315,3628330.52677784,3435755.45823128,3480573.28563158,3619858.40938572,3495684.51489506,3515623.56289021
"7",3405980.14705594,3443074.65636529,3455859.64736669,3398066.02029637,3345485.64219855,3493440.05265644,3410910.5342842,3467754.54478435,3316699.88458293,3376799.36775092,3413809.06707818,3516392.02778258,3456132.68931164,3473410.38831282,3466650.56875708,3427053.60654173,3438896.23238715,3513215.56032209,3376450.62560045,3618724.49190093,3400744.4801789,3450127.85564757,3607415.79449039,3469836.43458389,3487858.62963984
"8",3432398.30209149,3470583.87967199,3487654.24221841,3416181.75231365,3360785.56994271,3526310.89989002,3433639.62122671,3497400.70607615,3332262.92241161,3391469.04003815,3437275.36314498,3552349.91079758,3491107.60980419,3501046.36758409,3486738.13905476,3459441.16121362,3474270.62301233,3552316.34159166,3409474.27494192,3667739.96481849,3422644.51123927,3481022.40180386,3652306.26883582,3507694.61903642,3514072.26570322
"9",3463070.01874414,3502908.13043156,3520897.68939335,3446314.6244254,3387119.54372028,3563118.44788535,3463045.61942013,3530985.54906322,3354216.76575765,3419801.7530862,3468261.77292836,3589905.78034579,3523270.87734045,3538010.71127287,3525624.15650269,3489408.78943624,3505865.76632957,3587400.79605592,3436498.71865443,3713330.52808249,3451305.47237107,3511646.95960389,3697591.91461976,3541252.78010014,3554771.40799352
"10",3486351.26006042,3529324.59635661,3546513.51108016,3468751.79179439,3404983.91253046,3593456.42299295,3485781.89841075,3560400.48125819,3367046.26192301,3440646.03699794,3491120.95342984,3623613.34452962,3551394.03610933,3571682.69800824,3557144.7597076,3514842.34355332,3530564.00355154,3618921.81425683,3458247.83342872,3752591.51099758,3473614.88311746,3538434.87727842,3738381.92288373,3567594.56908313,3589659.75362189
"11",3512497.05885193,3557620.54855943,3574315.30586806,3489908.48657908,3419876.84925043,3624146.86068392,3507939.68153794,3589304.01515075,3379921.3885432,3464035.7328365,3514045.28724325,3655754.60309089,3581215.40190821,3604559.61167753,3587733.83456453,3543685.55596299,3559964.76215097,3652352.21297117,3485280.66206107,3792189.28895221,3497343.58495348,3567478.80849438,3777801.37837761,3596280.07520491,3621804.31357295
"12",3464068.28419878,3512979.53897998,3532466.27610855,3443048.39622844,3371241.59383212,3586905.65264613,3463309.27629873,3550749.87517166,3329585.08058845,3416240.41582368,3467327.5235409,3621927.26835017,3542571.4726703,3566003.94166249,3549683.88682547,3501474.09673595,3518730.49265321,3619341.91078373,3438524.97891692,3767398.98588947,3448680.81185601,3527893.42970881,3752938.31242953,3555379.18962819,3585545.01520852
"13",3353522.65107666,3403432.10520404,3432995.61643358,3333093.35287576,3263187.70943461,3486838.07951109,3358129.38638758,3447477.09415676,3223992.10813546,3303904.24320413,3361253.65030226,3523198.59792333,3434334.39592932,3449761.84601837,3440751.58161199,3384873.38899162,3413511.45901743,3525093.78506711,3324528.91367511,3686201.93343802,3336052.14513683,3419587.40221857,3665955.08754207,3453718.21529816,3477956.03668746
"14",3261233.16710622,3314803.77374202,3351279.22210385,3244123.68298845,3175849.2346816,3406917.70586963,3272784.1066961,3363402.75194448,3137503.00495559,3211787.57724994,3275078.48346882,3444662.09286767,3344227.19582904,3354611.98614659,3351021.08680826,3288066.65129251,3325782.69776715,3448776.74944872,3227635.34744319,3621159.10207514,3244511.74761959,3330306.24938319,3595517.4039042,3369117.39699609,3390177.48430291
"15",3248100.35995129,3317812.31436492,3354801.55323288,3237454.13063764,3163413.85699219,3417713.95479275,3267412.79760983,3369511.89126904,3122483.98142115,3202027.09602409,3269740.03381805,3457960.78099921,3333746.0115269,3344576.34383837,3352057.90400017,3271853.40381689,3314584.60393485,3462592.56159503,3209163.4747872,3644625.19503233,3238600.20616495,3322220.24992548,3617592.73530799,3366140.46722292,3396029.61660831
"16",3242114.6006149,3310741.07222016,3353964.0677357,3225990.15107323,3148546.02620525,3420537.28293019,3257307.99671362,3366654.25694767,3104777.77157549,3183394.8342961,3262142.16449184,3465929.78929986,3331576.78309257,3337664.03023932,3343225.83749366,3266212.66749546,3311145.55984637,3468384.33014001,3200762.08001976,3664921.85302143,3227439.0849399,3316750.46181378,3636336.08720217,3371895.7218856,3392848.40724812
"17",3173596.62821634,3241911.74515859,3290809.40335144,3151814.16928674,3075358.34230598,3356723.03074709,3188865.11045172,3301180.77034041,3035418.97624251,3111161.28662712,3190866.2996085,3404203.77437864,3269640.14109568,3264923.60561574,3267243.01504843,3200640.58009616,3250513.29258376,3414349.7284133,3137327.1758822,3612338.03349516,3155933.35204183,3253683.37664519,3578279.42397009,3311772.1108725,3317437.47171119
"18",3182210.48036297,3248553.4688948,3308293.1061245,3150647.88581091,3069135.8292658,3373836.19656773,3193211.48098351,3310814.93631092,3029796.08906064,3102486.18343834,3199413.26734054,3422003.91881058,3282555.6888745,3271123.85117865,3271868.71319014,3206609.20030686,3269782.5359424,3436154.51405925,3147062.93235544,3646530.85496551,3154040.66228847,3261593.51136413,3607771.73865055,3335358.65377035,3329395.75609486
"19",3198897.57944184,3266407.67701244,3327512.36822401,3166211.66504793,3078806.36504904,3397294.83030912,3206708.560732,3328417.43678976,3035253.57158937,3115793.66610561,3216623.36498139,3445063.39964496,3299039.4371811,3297415.81222068,3300484.57868956,3220518.11281159,3289121.19252457,3456710.96255182,3148115.98127122,3678079.48263044,3167830.48333615,3275854.14029875,3639257.55563397,3359100.24432992,3358909.18703139
"20",3141592.90228997,3210611.94661704,3273198.5786724,3111248.17400909,3021714.27428835,3346334.33877692,3150948.68055017,3275169.32308621,2976126.49330117,3056539.76130095,3162378.57210282,3396141.17547271,3240464.02355083,3241768.90751751,3248925.9775294,3159592.60517103,3231316.07671934,3404179.62460283,3084389.04087001,3635757.59305087,3110058.69904124,3217841.4100618,3596731.99322017,3303461.83603615,3310288.31130368
"21",3073259.73737376,3146038.58201142,3209356.05826438,3050465.52695453,2959597.91175904,3288059.27037824,3089229.32190086,3213973.38867191,2912192.84067369,2991133.40159593,3100887.57481513,3338453.46000588,3167645.80605058,3174278.17803856,3193017.46100644,3082331.61188877,3158940.82090933,3341221.90917323,3004769.07588999,3581093.55040621,3044222.58755288,3148879.90414541,3545344.31486268,3232483.86277786,3256602.29284819
"22",2989652.73488473,3064340.96224133,3131688.60784118,2968485.03089321,2879094.523608,3212462.16058874,3009698.25148652,3136287.31037305,2832500.11653275,2908467.46960351,3020962.27663068,3264260.5476423,3084093.86902381,3088385.34636278,3112613.51996021,2992190.51347877,3075759.95241807,3268308.69890745,2915183.78633152,3513818.85901382,2961128.37128214,3067726.14801103,3476851.95447673,3150298.62683217,3176940.66720509
"23",3003307.69413507,3080439.46762602,3143466.97333682,2983109.80097183,2885220.38612866,3231201.19606475,3021346.85871936,3154438.01917233,2828110.77169717,2921418.04163942,3033850.95287634,3286372.17728391,3101940.17423303,3116191.69605278,3138549.85715898,3012585.87594039,3089922.40517524,3285771.76009174,2928684.67263739,3537494.16582449,2974497.01768598,3083560.86599479,3504605.08879175,3166025.35369915,3202489.42702504
"24",2925806.95933327,3003812.46483882,3071972.73224559,2909459.51163723,2812554.27034816,3161737.06739873,2948381.10125194,3081336.5092384,2756171.96249404,2846420.54383458,2960915.14219943,3217582.16953627,3023998.01247628,3039637.93045172,3069267.54431041,2930420.93884704,3012629.19091227,3216993.71521228,2844798.78556928,3477087.71233705,2896204.00550784,3004625.45825159,3442893.2965668,3092549.31018458,3133570.07664462
"25",2840986.00213568,2918742.71573701,2993035.51978323,2823282.45119447,2728805.55087008,3082746.38980097,2865686.98540683,2999550.47588155,2674598.52641824,2760713.26593585,2876665.96696524,3139667.69759764,2941299.66791187,2951311.98503112,2982918.80364418,2843242.35767138,2931459.21114157,3142306.62234866,2760205.66441242,3409708.0065851,2808688.97620449,2921351.34894502,3370835.53763718,3012473.21120958,3047201.88888778
"26",2799702.2980281,2880835.5906157,2959240.27149635,2783934.65141381,2689908.86288774,3051385.78100215,2828935.4758173,2965228.54157042,2638136.27580042,2724817.21055296,2837840.70828758,3109113.25584239,2903881.2741461,2915247.19320699,2949694.85753912,2801483.64127694,2895223.63759144,3115602.05223477,2719938.76477787,3388426.51227499,2768305.16046728,2883919.37272943,3347071.63721156,2975993.31481693,3012993.4139744
"27",2851905.85812906,2932084.19626791,3014518.62641011,2833161.38757636,2736607.85273266,3107270.99807393,2878259.04316059,3017635.69246857,2684243.41001635,2770083.06936909,2889475.95492258,3165512.00742396,2958356.41245749,2965871.34246256,2998621.85329165,2853978.55458698,2951578.6562119,3173159.89072233,2772873.92602062,3455689.6426219,2817541.11737613,2935295.0988461,3411653.1876725,3034522.49357475,3065914.22722829
"28",2879241.2805231,2959461.17104064,3044226.95433523,2853442.40200583,2756193.76254714,3137990.1032015,2901795.30373882,3044667.09677039,2706995.29984278,2794458.37927511,2912227.82606915,3196646.30516906,2989807.93323493,2992645.83271336,3020989.38809695,2884900.98853265,2989136.5490726,3208814.33386641,2806777.32648728,3493465.71301299,2841174.66343556,2963716.27916466,3446535.23188582,3070447.15591098,3090056.1178266
"29",2849786.72270451,2929837.22238155,3017386.72272609,2819080.58634223,2722142.30225952,3110797.64459005,2870368.44276673,3016669.75509447,2676134.30007617,2763874.06320217,2879320.09252185,3170707.05162542,2962580.41217286,2961911.58653825,2987404.77091045,2856117.53815443,2967735.45264243,3189421.27777446,2780644.97234969,3478229.07738799,2808411.48954667,2937263.26151754,3427519.45421977,3047527.88834829,3056896.42306555
"30",2902338.27210478,2983350.75927715,3070235.91863902,2867478.35111964,2767666.73382003,3165052.2931314,2919603.85999079,3070237.44883738,2721937.88605165,2814688.60046879,2928416.17852625,3226235.82175556,3019722.66301997,3019254.32934841,3039305.58386814,2914025.34608648,3024410.93298475,3247749.29964028,2837424.93518449,3538142.6260251,2859561.92505188,2993449.96667254,3486757.65614939,3104483.91095992,3109906.3928122
"31",2851339.72832809,2931283.05522203,3023626.39411893,2813531.81957103,2714575.80388498,3116259.63350211,2868712.41519885,3020373.08547372,2672281.85150534,2762294.34298877,2876303.61412927,3178610.02658106,2973914.4208478,2964869.34585627,2983470.08683768,2866919.68459986,2980822.20103294,3206102.00092262,2794752.65137488,3501272.46290481,2807005.4536493,2945160.05068668,3444919.78114607,3061460.0718363,3054426.90634512
"32",2889700.3158989,2971110.06000401,3061640.15710748,2851599.75509321,2748939.29604167,3157751.80104109,2905549.43280298,3060763.11980654,2705267.33286637,2799754.79997994,2913991.74823673,3221006.03416945,3013995.18177283,3008016.73036518,3025850.3859864,2906729.71252169,3019774.88864536,3247267.26729959,2833482.86074938,3547396.77526212,2845552.7810931,2985102.11199394,3492001.9207403,3101115.19926351,3097941.02218779
"33",2847875.36871584,2929181.13061047,3024577.66596779,2809750.52380502,2708041.78841632,3120129.47315139,2865485.17806548,3021088.14088288,2666530.39455711,2758197.34560481,2873259.75490363,3183000.09395867,2975224.24844026,2964358.99029965,2984365.20194414,2864338.99705335,2983428.39021073,3212677.25753514,2794192.53878033,3517816.56631699,2802961.8953806,2944846.89729761,3460193.54179042,3064465.91188186,3056683.69717328
"34",2798213.14245009,2879167.05051922,2982040.58485203,2759631.61629706,2660218.52322449,3076673.59591441,2819019.8855532,2974933.2947683,2622171.77943953,2708369.08761325,2825543.1878687,3140140.71368078,2927912.49750706,2908550.74852368,2932741.84630997,2811617.85926049,2941495.02114255,3175667.21623555,2745834.72512308,3486323.0775519,2751752.7663364,2896914.90878994,3424328.67883823,3023355.58863408,3005288.63710227
"35",2754035.19322478,2836864.89090923,2941564.72857483,2715479.85645648,2616250.83577538,3038071.47850284,2777273.26140404,2935892.14823142,2580405.26931073,2666305.44735684,2782011.14548481,3103136.45942042,2886222.38875066,2864919.50505412,2890286.25677974,2768013.38832403,2900567.73454266,3142187.57520433,2701872.74865244,3453278.08951486,2708379.09670255,2857324.46530086,3391026.06779657,2979969.71067072,2962793.51691357
"36",2810252.93673459,2894847.95611222,2997543.09068913,2769331.2767754,2666946.68166687,3097311.50423885,2830962.83469277,2993789.83977289,2630128.24831556,2722195.45995629,2835411.88665102,3163194.85630496,2945841.50056547,2926874.30366819,2949019.29770813,2827972.15641174,2958414.31895068,3202833.3934345,2759334.49797761,3514502.26435929,2763768.19547133,2916789.96163769,3453969.59137806,3037588.69625533,3022495.73726967
"37",2844761.86081255,2928503.77257654,3031798.93265165,2797691.80092087,2691122.83815888,3133270.54853715,2861160.2794094,3026587.47993851,2655293.18956277,2753975.95364574,2866218.18904967,3199281.25809866,2983469.86598907,2962938.6855798,2979716.82450963,2866169.08802393,2997286.36026345,3241957.76796765,2798315.73328485,3556881.20827249,2795567.5331992,2951888.46107682,3494452.83579502,3076034.89865476,3054833.7470149
"38",2853672.40778161,2938024.69821089,3038271.6202556,2795137.37829491,2681453.29220623,3143460.97327033,2860812.45636141,3036181.67666984,2646385.75379894,2762424.41197113,2863555.62678027,3212520.58799259,3001321.4841585,2983776.69750942,2991072.90058031,2887444.18524497,3014208.44819987,3258371.12841,2814363.80329015,3569294.32594768,2800186.99661731,2964802.18978175,3509305.56193901,3089865.16764487,3066183.4911502
"39",2924694.04057228,3010288.09850966,3109851.68985721,2863520.22647361,2744365.92124016,3217141.39448506,2928865.52306457,3108519.74817322,2707791.99534583,2831918.20996954,2932420.79898188,3287039.5863603,3074557.63672454,3060915.22818684,3065277.53887043,2960717.23906692,3086901.86174122,3333049.21477139,2882247.15672027,3646989.25743402,2869701.92609696,3037276.27050095,3588542.01387902,3162769.26570202,3141616.4695368
"40",2883412.57103387,2964284.58208157,3073232.28516744,2817716.23810045,2698415.53941008,3175141.03884079,2884224.91521112,3062453.50303844,2663851.1257225,2782750.83302768,2890923.47316198,3243942.83750518,3036657.68108157,3011073.56971071,3015460.72872121,2918229.56769486,3057251.67689574,3296429.92052217,2845791.53330692,3621974.07595611,2823229.33607422,2990739.22035827,3555380.26152423,3133970.7430753,3094449.39845362
"41",2838042.46044421,2918800.94120389,3031603.68581279,2767445.99380351,2649133.44046981,3132504.20668155,2839092.57974441,3018522.7843177,2619199.78489648,2737840.87325146,2843072.57507044,3201481.64598397,2995593.3360707,2962194.90515335,2963766.65888428,2873874.68621515,3022756.15901036,3265392.56225101,2804555.24436866,3586850.41330596,2775748.87142604,2950149.42652457,3515803.91542302,3097304.82054784,3041610.4279088
"42",2824005.05231747,2901380.80358009,3022487.7901345,2742423.75007529,2625619.24875921,3118271.49941303,2820060.53648228,3001427.10572284,2601400.0861464,2716931.49173001,2822232.94857422,3188031.66830886,2992996.77376855,2941311.40795397,2933798.70647848,2868662.77710165,3028069.9822152,3271961.57691621,2810652.80916383,3590769.6699939,2755618.87062491,2941244.99757319,3504881.83449409,3099587.33685223,3012176.92932677
"43",2785791.21337572,2862451.2662864,2989851.40164237,2699026.62285424,2583846.30553218,3083088.20159775,2781319.34127073,2963812.54867311,2564344.70382511,2677347.45005682,2781464.71032688,3153634.23175474,2963443.16896615,2899536.25482115,2886799.95910388,2837374.25080925,3000657.06836295,3247236.08798053,2784042.28582309,3565545.24304655,2714706.40354646,2907956.24630725,3473269.6350314,3070915.6276297,2965629.98291044
"44",2691268.49283499,2766358.08121311,2901371.84620934,2602856.94863469,2493014.67091917,2991921.23099009,2690081.36559123,2869511.47005787,2478666.75391117,2582943.31253767,2688155.1955976,3061164.5943681,2869379.96673125,2794100.32023641,2784858.63932534,2738333.8480684,2911451.91425969,3161762.30175836,2690353.7181268,3481369.82586348,2617762.82408598,2813105.79388719,3382959.20895294,2980881.00716684,2862684.10630153
"45",2597719.93718085,2670813.17787543,2813767.11471234,2510799.58817212,2405137.58537556,2901244.44675948,2600406.25962301,2776652.02491925,2394159.48729162,2489001.49343617,2597632.47965145,2969741.22045662,2774924.18533921,2692048.27112143,2686566.99946139,2638937.77841763,2818995.71935398,3073500.50736394,2595191.03051655,3398155.42924872,2523062.50605553,2718432.60859488,3294213.19984546,2890123.88753031,2764588.23587743
"46",2613317.51449989,2687013.91442998,2834244.41226728,2522478.34750699,2415455.50789845,2922801.05847134,2614875.06776281,2793453.77544082,2405803.56137396,2501554.21226095,2612530.7278423,2991350.65488957,2793160.78386103,2706823.24804134,2699646.29701035,2652926.06444823,2837512.28238523,3098673.44132246,2610532.85871798,3429848.04348567,2535992.45190942,2734933.49232159,3322138.29897137,2910324.97074977,2780234.17365083
"47",2532981.91394006,2609001.85989953,2760019.46810364,2446422.16692309,2344106.02853074,2849823.02999701,2540747.99266427,2717660.43758753,2336925.72432635,2426855.00772109,2536608.98081572,2917380.54719545,2715728.14952706,2623996.27725711,2622034.94112557,2573415.48308643,2760998.49325255,3027280.75326903,2532243.30529337,3359538.43558661,2457865.57967223,2656896.85865641,3249156.91261935,2832883.40244097,2700989.7682414
"48",2518026.62243011,2595619.55074566,2753561.53835953,2433429.29835032,2330693.47285108,2844316.89410256,2526741.852181,2708337.76736524,2323776.12960108,2409617.51659906,2523950.04128178,2914457.67050271,2706178.8640515,2607272.13228684,2610106.29545431,2556267.95087861,2750729.08141425,3032127.78572024,2514620.48179582,3374482.77036083,2441872.71828169,2645323.46763709,3262733.28576413,2825675.90961549,2691649.80659045
"49",2475457.10820807,2554120.86239281,2715182.78596511,2389374.46405714,2289644.66683896,2804980.47084696,2485499.31920137,2668245.18571075,2285965.97526929,2367866.68189001,2480578.43010221,2876127.65349849,2668161.25052518,2562348.15351928,2563745.13776424,2515250.96531314,2711459.36019025,2999627.65394239,2471314.80572953,3342576.63088594,2399296.35822621,2607664.26444209,3225842.26053867,2787229.88213917,2645293.76690633
"50",2517093.94144832,2599249.30400565,2760190.19762018,2429704.9870701,2328144.31806645,2851495.45665598,2525291.8777572,2712767.59054566,2324179.76457816,2409054.2404165,2520956.45383204,2923231.78641459,2716451.82769425,2611330.08781358,2608656.63801572,2562064.51491658,2759888.12429219,3046851.10156242,2514458.62178579,3393461.03980084,2440631.50103993,2652671.48667899,3276822.44538305,2834835.90732257,2693085.06198429
"51",2495772.75866183,2579416.56555252,2739593.43192991,2409673.93516441,2306620.82229091,2835638.20496616,2504010.51052512,2695936.39222615,2302654.91762683,2393334.88989255,2498225.58026974,2908126.59996106,2701132.95425156,2598551.53648307,2592319.5257919,2545741.64107728,2742375.17174628,3030990.17540779,2496349.13566479,3381060.06359795,2421648.70454966,2633658.73672534,3266297.72277751,2816507.9448554,2679595.58138345
"52",2465250.72595017,2549269.40639343,2712112.78228849,2381786.05098541,2279472.49653145,2809875.30069561,2475465.33074498,2668086.30634298,2275450.73242665,2364857.98419865,2470224.90802088,2881857.08099062,2668600.15594317,2567106.24631305,2565286.72221939,2510624.23804675,2711405.4102902,3004324.97338184,2462832.94503167,3361046.63580605,2391892.5032563,2602250.75661663,3246325.59684194,2787567.51519974,2654933.62731321
"53",2368282.93190924,2451734.44273058,2618416.87450918,2287883.92204474,2190576.58694506,2715372.41104751,2382996.146291,2573645.43974607,2189005.16288563,2271486.56199981,2375864.46475177,2787466.97736815,2571697.88638773,2463249.53065073,2466109.30403634,2411509.11780242,2615857.42900436,2911914.94794745,2367401.59427459,3267811.91257994,2295864.48772776,2504937.50781186,3151547.94558885,2690436.16629723,2555784.67139145
"54",2339166.45454677,2422594.95251727,2590302.08234295,2259993.54683848,2162910.53881914,2687903.74670369,2355089.57035747,2546821.03990724,2161951.30909885,2244606.51075736,2346873.40771894,2761294.25831377,2545839.10357038,2433516.70752895,2437335.39548744,2382644.24859331,2589402.67646316,2887425.35316107,2337730.08053031,3243165.53853707,2268389.97396914,2476552.11721011,3127706.20800925,2663014.08875556,2527992.45356518
"55",2340523.39883905,2426662.75544025,2598790.68497257,2256818.60083318,2160365.47579647,2697002.70992388,2357895.40021755,2554231.57236884,2164702.39422549,2248061.50363128,2346434.14578123,2772224.11165584,2556154.53493162,2436627.89810243,2433659.62510818,2386813.76670759,2600509.12948146,2905014.24292807,2344112.8157904,3262152.70133157,2270413.66731025,2485603.42356051,3143607.77372105,2673811.15799964,2527240.60466031
"56",2291264.17837023,2376446.0774079,2551150.37776255,2206786.28909866,2114055.81103462,2649373.97581601,2310170.83399359,2503960.83313168,2120379.48495206,2199804.51404786,2297807.2933599,2724142.2197742,2505078.74890319,2381853.13448636,2380301.72489033,2334123.58004008,2552351.86311554,2861316.59904483,2295801.59517592,3219971.21514442,2220178.35171831,2435835.13267009,3096732.07117341,2626169.71058678,2472936.28615049
"57",2205685.44068211,2290618.70854538,2465976.31823571,2127189.46814444,2036643.22579362,2564738.75964891,2230512.17522499,2419738.54251194,2042617.6881524,2119180.88238967,2216992.21912192,2639111.87789374,2413228.81652619,2292115.41928951,2296575.45520819,2241309.24678782,2465262.85846466,2777794.79831167,2204424.69665114,3135663.11166926,2138045.95425817,2349439.15751896,3012977.9859744,2539296.02440136,2387494.89660174
"58",2194623.47935801,2284137.86703762,2450416.06118294,2121926.69562643,2026396.82505635,2558237.94783116,2221095.71434685,2410807.54793437,2029079.65496983,2115060.65386986,2208416.44559192,2633512.16239296,2397030.81899994,2295593.80935898,2303735.00734338,2229269.15398493,2448543.56242171,2767362.40667411,2189078.29794574,3129509.09796826,2132161.94185205,2339662.89113646,3016670.1290234,2525164.30808287,2395367.89824132
"59",2175811.24650506,2265862.12079318,2431182.93083974,2101751.42619004,2006644.94776948,2540441.94154584,2201248.20973663,2391349.53293479,2010295.76539151,2094828.34223363,2188817.58382006,2616951.7201168,2377514.69108183,2277804.47617574,2281997.6129238,2211900.1982216,2427108.40222602,2753358.46738664,2171905.95851924,3117666.38261606,2112926.89150503,2324345.99387935,3002706.58409072,2504571.71966236,2373351.30358623
"60",2197731.12958494,2288713.45473677,2450193.07839533,2123617.44761466,2024533.68118672,2563979.43327326,2221084.6729714,2413728.26461334,2026154.26328058,2117921.74538497,2209519.16506546,2642173.39643242,2398387.12017451,2305829.77423991,2309990.71005527,2235026.86129908,2444871.52178618,2776645.97022637,2191637.69797498,3146945.686515,2135589.89362157,2346548.52007007,3033629.30340542,2526649.23086573,2400926.56366068
"61",2154870.69621568,2244302.23948301,2405228.10028015,2078246.70689057,1981191.6219885,2517535.32468719,2177141.08481837,2368438.30970439,1985116.31581173,2074205.82679285,2163934.35770022,2595371.88056398,2354743.57333976,2257877.02138434,2260083.95837069,2193943.59809343,2401506.81523869,2734580.05782114,2153411.54675682,3102243.6069336,2091474.23593975,2304056.1256797,2987495.38360047,2481743.75189706,2350428.15529667
"62",2130788.78182078,2218181.11028477,2379982.34829114,2052204.18921568,1955413.50398484,2490866.06207451,2151148.13745877,2341654.13434181,1960210.02337509,2049095.35617506,2138342.51865365,2568431.61036023,2330061.75036338,2232807.44348816,2233215.3576243,2170629.2881943,2377586.81075956,2710944.93099627,2132910.90345333,3084054.07068148,2065955.25962045,2278933.13652097,2966260.90831779,2458394.26379984,2323190.5040328
"63",2107419.60580962,2193440.0496129,2357160.71454224,2025620.76299437,1929845.18442093,2466038.00443288,2126525.28606318,2316582.38346618,1936766.14444022,2023535.20522244,2113224.13136306,2543559.33319031,2306214.63539079,2205423.41499901,2202062.59097922,2144819.69064546,2352702.87749273,2693542.16758947,2109394.36023073,3068562.3762551,2041177.7039525,2257114.84109974,2945159.34425086,2435318.15508436,2292465.03902157
"64",2072726.94986199,2157821.72197661,2323560.69130508,1992850.99626288,1898295.64156134,2432390.44471435,2094627.02006785,2283318.4212009,1906807.49032376,1989751.27982653,2081113.05064203,2509854.91220753,2269544.58224167,2166819.37989652,2165947.66235786,2108007.45212167,2316897.71365278,2660557.08502117,2072986.52892797,3041081.6978726,2006906.78540263,2221417.02846498,2914666.23702308,2401543.84642619,2255463.96866226
"65",2041086.53619967,2126835.07775877,2291432.09188652,1965062.00130144,1870712.57143895,2400362.33164399,2065300.58466494,2251833.64133679,1878865.49294025,1960663.71092749,2052533.86693772,2476993.24033782,2232712.23170662,2134130.44763249,2136326.70376674,2071865.28619593,2280273.8652918,2627236.95537009,2036988.54363247,3010741.82008637,1977526.69999935,2186825.6930799,2884628.85179458,2367183.34432016,2226189.25866988
"66",1972393.69863507,2054899.17009407,2223454.30312811,1895272.36337935,1804701.85953659,2327884.72918119,1997047.96178008,2179157.84271852,1815764.09950717,1890025.31690312,1984239.27155203,2402894.24340603,2161501.61930745,2055877.42275767,2058938.38498526,2000449.37685896,2211963.91780767,2557613.08544211,1969586.66889758,2942397.35618757,1907861.01368815,2114923.82488001,2810926.45579995,2299017.58777254,2147481.99982343
"67",1894144.98079701,1973233.22031855,2143002.3604705,1818176.08312344,1731681.53347429,2244391.94832319,1920080.67482661,2096397.01881809,1743089.53876125,1810699.0108494,1908638.69755828,2317505.64154904,2076264.49145756,1971528.43095144,1978985.59025887,1916421.83617334,2127974.70145622,2470249.0963435,1888749.11793523,2857185.15016182,1830410.05605975,2030686.53074026,2724983.96342209,2213680.43176784,2065446.71186352
"68",1838281.83953335,1914126.23907242,2085705.67717316,1761545.34129405,1678281.32994908,2184145.66163372,1862641.99887709,2035639.75063135,1690010.22487148,1752304.14527939,1854080.22553797,2255954.72246912,2015105.12451698,1909670.40756583,1919865.59110829,1856243.51104749,2068977.95438933,2407403.12811127,1831495.92941812,2799084.02797224,1773683.64151372,1968983.10797516,2664049.09573781,2154216.62591457,2005619.91946733
"69",1868590.40679641,1943481.47494643,2113937.45783657,1785757.8513422,1701636.58401526,2213287.63804813,1887998.46367269,2062869.42640714,1713875.69528405,1779305.85529584,1880384.13408722,2285616.67944043,2046740.51447733,1941742.02422508,1946507.5841484,1890134.58351723,2101208.69574559,2441036.48185306,1863664.74219329,2835676.90858743,1800484.42507185,1999839.37205095,2698820.47913179,2185499.67919031,2032265.68090459
"70",1853601.1553897,1926700.94651048,2095363.90348832,1771098.38410885,1685978.66089706,2194686.99733525,1870559.53616102,2043250.92260345,1697072.83289813,1765074.23224564,1865116.4209313,2266061.39057765,2029099.15404855,1929995.37290607,1935533.89592138,1875599.72532207,2084309.59588797,2418830.05497871,1851507.82904759,2821940.46293186,1785117.89147657,1980507.93952928,2683037.68126712,2168468.55800746,2019205.4107594
"71",1864374.22353522,1934986.77259306,2101924.40270013,1779008.56422373,1691355.36563276,2200040.07226405,1877303.83368887,2050195.72435261,1701747.21437997,1771743.68486464,1872831.06562224,2273062.21633353,2038385.16440582,1941053.33906557,1942010.46978367,1884237.84166598,2088682.56894736,2425653.35224379,1857220.11316914,2833630.1418054,1794859.10838941,1990846.64464603,2694709.88981064,2175559.03600203,2026746.75686258
"72",1891525.06196318,1960899.02335005,2128741.44970003,1799665.99351263,1710778.42677227,2227265.41024358,1899594.99371204,2074716.30994711,1722047.17048821,1795079.96967973,1895842.35234688,2300816.07801958,2068018.447393,1970093.62376099,1965242.60633054,1913547.07425297,2120641.98803629,2457686.39618976,1883937.82861576,2871759.3692783,1818703.97203335,2018820.7178155,2728698.72244101,2206080.15360709,2050055.8182633
"73",1845104.62790953,1913526.82699448,2078095.46481388,1752903.72957193,1665663.67558155,2176444.23169114,1851510.13881042,2026243.79175206,1676794.85412526,1749129.92239408,1849617.40588122,2249542.54641615,2016307.0580862,1922806.1525898,1919173.34669057,1865672.64685135,2069323.7143429,2404702.37870224,1835698.61084936,2817369.20791873,1770960.57088765,1970888.02232771,2675614.63549176,2153011.33610854,2002373.34924747
"74",1794856.76726719,1860039.7480604,2025612.64925921,1699560.53084669,1615997.52969952,2120474.17041559,1799033.51141859,1970818.77757374,1629064.03287952,1697022.82895873,1797315.00297732,2191850.66758319,1963603.38758533,1867474.25655888,1862430.80983458,1815113.26757077,2017784.68243599,2348612.9411378,1788593.61028944,2761602.28345298,1717377.54210126,1917505.76681358,2616243.29583874,2099770.31418852,1943851.46579223
"75",1788403.4154596,1852887.57587055,2014699.45186633,1691920.95795925,1606249.13435978,2109549.35597757,1788827.96926718,1961079.39131213,1617882.31793638,1689641.21688015,1787331.71530714,2181382.83209581,1957550.35248201,1871950.77309896,1860994.34356821,1818341.78255267,2009169.87501456,2335020.51036477,1790784.85894259,2753131.10443026,1709173.4450072,1910361.50239828,2609093.30799713,2089505.23097207,1940811.08340609
"76",1739900.76118641,1802847.14928354,1962675.97129883,1641055.62215967,1558405.55863726,2055035.79598156,1738827.241639,1909110.05989154,1572076.76245226,1640342.12671694,1735548.89620756,2126244.63971295,1907956.52535792,1818287.30991447,1804312.81377142,1770913.99173114,1958570.77301456,2281597.14643923,1745870.82113695,2694106.365906,1659066.49794125,1861194.42339358,2549364.92362493,2035785.75934286,1884087.30032161
"77",1717760.42558697,1779877.90550623,1936106.07369155,1618843.95230791,1537101.79354078,2028887.16566016,1713997.61128132,1883940.91912726,1549612.35249875,1618079.41706736,1711079.85940646,2098709.64701059,1880339.51121919,1796364.96496315,1784117.75263062,1746332.56539185,1930388.76600593,2249392.06481121,1720512.30899792,2663486.65099624,1634786.22076382,1835307.25889671,2521040.66114682,2005514.55894562,1864400.73440819
"78",1699402.63833153,1759132.86303748,1916467.65636488,1596757.63384477,1517788.3773218,2006854.79916129,1693561.77443026,1861586.17853812,1533063.55166113,1596600.40875048,1690506.52206298,2075361.01265362,1860727.63927575,1771438.05202341,1755672.74167933,1728177.10788445,1913208.60445082,2228113.95185468,1704412.56237959,2643813.67983113,1614993.21638607,1814463.04278604,2497037.3648879,1986454.82281804,1837129.24125682
"79",1668743.83599669,1726169.14387034,1884646.01367425,1563756.72056678,1486475.12101612,1972384.45369362,1659986.75848839,1827355.74785174,1502096.30134198,1562180.2207628,1657475.39059971,2039709.95044218,1828695.84167824,1736443.63485214,1719329.45751371,1696868.72898725,1882016.0647327,2192622.69557028,1675739.56341365,2611322.65729754,1581053.64348696,1781138.87282927,2461769.70863763,1954676.61909516,1802092.47848448
"80",1651094.3210695,1706967.75338233,1862978.69439822,1544166.53025931,1467422.11501319,1949986.10816473,1638141.03308349,1806058.95821593,1482368.96534994,1541043.01145711,1637174.5463485,2016404.28798322,1807426.3557386,1716675.20291086,1698697.08552127,1678458.79843018,1860638.9760874,2166206.66399756,1658168.78499363,2586964.44983505,1560004.02960594,1760434.15971077,2436017.20159562,1931379.83455161,1783226.23367283
"81",1657279.48246276,1712742.13900071,1866452.86293456,1550867.30192414,1470572.90156816,1954542.33803941,1640262.56384773,1808899.38918718,1480916.33287239,1548566.6722457,1641425.24518187,2020161.59067136,1814066.19411379,1731028.21590245,1709916.17706532,1688671.83325964,1866530.53536623,2163250.07677367,1665686.2307388,2594217.30721315,1565942.26500813,1763286.7197602,2442324.68855913,1936416.84334874,1793674.12859848
"82",1636532.15604973,1691483.95642947,1843178.04777884,1527325.43180579,1448506.10655473,1931388.94357557,1616673.96214682,1784228.13301827,1459611.5200196,1529692.74289786,1617966.37399258,1994979.44067971,1791303.1108827,1708714.47565389,1686672.43509745,1667846.64677045,1844367.9693823,2137445.08274489,1646634.18976466,2565723.72241309,1543711.02761371,1741118.26515839,2412878.49111947,1912061.30152692,1769043.82298886
"83",1637698.08973501,1684948.45632074,1840574.2812693,1521472.14698308,1442835.80541637,1929113.57616821,1610436.1065734,1776921.58931193,1453623.18407095,1522491.81610082,1612870.92635352,1991307.06382779,1787934.31610031,1702796.6698558,1679164.50293395,1666905.72207994,1846074.1134882,2131209.8382214,1646097.90333191,2563951.58020034,1537923.47540738,1736335.86009402,2408575.09220701,1910140.99713897,1763634.85639969
"84",1614557.15676368,1657844.45721477,1815609.96580493,1496356.80969468,1419539.88632325,1902148.74465377,1585299.21391291,1749007.60710111,1431240.66323683,1498396.94718654,1587475.68371299,1962787.04006655,1763177.54721045,1676813.02251982,1651558.24605226,1638404.63649807,1822106.6061147,2102609.75628459,1619368.29332029,2532115.52785048,1512877.25429632,1711215.61788104,2376157.66831896,1883981.7893974,1734389.33836732
"85",1587044.16941962,1623893.7004866,1786598.95049709,1466481.45220047,1391927.77403455,1870275.41339196,1555635.36269991,1716125.48814239,1404151.93998549,1467459.44202648,1557553.26255002,1929859.33369824,1732634.65109097,1643614.60544721,1617128.91160798,1608720.18225835,1790725.35095016,2069734.67634107,1592500.38763146,2498957.19270954,1481713.94882925,1681236.48440485,2340204.04582268,1851619.08209754,1699118.59843634
"86",1604229.86583559,1639161.9322046,1803600.61331179,1479302.81289929,1404337.59354753,1886982.14680783,1569932.95082629,1730886.13499068,1417823.79394426,1481140.00976644,1572240.11661408,1946318.13098209,1751875.52920589,1659159.9872985,1628611.32942521,1628669.44821802,1811431.36715117,2088336.8723098,1613650.78186064,2520596.72384,1496688.25073274,1698441.30976914,2358795.83779029,1872430.81523706,1711039.77886708
"87",1626718.36999563,1659832.45064621,1824760.00399116,1499666.98287442,1423620.09181291,1908027.01904307,1590296.75151653,1750855.96375233,1436882.98667148,1501066.44897131,1593071.3801325,1967418.69704401,1773328.65533847,1680058.33673406,1649126.29033203,1651772.07541525,1832295.97427375,2107675.7356793,1637623.4617617,2543244.23290462,1518302.9620065,1718642.91650324,2381122.80986975,1893099.66797348,1732751.98449599
"88",1598922.03617736,1628246.24098744,1794963.73770406,1471890.06738533,1397791.07439913,1876253.66063474,1561877.09417129,1719137.37395368,1411727.35010922,1471263.61697737,1564717.93865734,1935302.15062533,1743406.71320757,1646439.08939247,1616315.52490356,1621982.95304345,1802239.00959159,2073698.81439851,1611075.19284957,2508427.39032332,1489817.72025292,1687751.54966644,2346074.12351731,1862555.49391992,1700694.84384977
"89",1604479.78055293,1629171.09381386,1798367.594413,1473503.96383775,1397833.01529683,1877861.94050336,1564406.58074125,1721280.87330274,1410650.02189433,1468444.70040578,1568409.74881522,1938955.56605005,1748973.12198215,1649542.63364609,1613294.82940863,1630204.26895844,1807806.97680752,2075413.09072106,1620520.77736537,2512844.09821519,1492296.92279547,1692329.17087115,2351855.80433838,1868025.14411145,1699212.4753664
"90",1574101.73711664,1600943.50287874,1772857.11015032,1448038.47167878,1374307.40735873,1853119.85249207,1539690.20848114,1694653.12413675,1387930.26739049,1443066.36538117,1542717.91683087,1912873.39561521,1724044.94512075,1622574.26019396,1585166.47357831,1607089.51092619,1782920.32067635,2048318.56768296,1599301.6381973,2483011.33171193,1465279.99142176,1667877.56369568,2321558.43116538,1841698.88695468,1669804.32299233
"91",1603599.86570355,1630505.1665881,1803401.01996021,1474912.98757996,1399194.67582511,1884009.51100615,1567610.48237539,1723851.69933382,1413016.98630086,1470935.90208358,1571011.94575099,1943971.38713662,1756825.01519403,1655165.39398528,1614404.13128472,1640609.43145006,1816159.82828658,2079938.72024108,1632915.41014254,2520126.74627682,1493899.52979954,1698668.3911209,2356739.29450029,1875877.335793,1699624.7892205
"92",1611064.76528563,1638728.94160622,1798815.27580411,1482136.68501067,1402136.39270598,1887530.5578942,1573018.50353883,1728356.77344021,1412436.11563344,1479108.35332545,1576921.50594505,1943700.69474785,1760289.10142702,1666709.26337872,1624020.3520015,1650784.99045226,1814917.02195466,2070821.78841315,1641437.47691356,2503935.76633288,1503044.54647418,1704500.74570778,2347916.45623944,1871699.27834112,1708468.71673282
"93",1665597.03578728,1695157.58532155,1852301.63157779,1534985.53412592,1451637.10811938,1945590.57100011,1625710.0089247,1783813.9302904,1460473.60691501,1534064.3269893,1630349.41343726,2001016.59881293,1815195.42410975,1726752.32581094,1683440.94739846,1706644.09834241,1869160.16497528,2126023.65483181,1694885.67152932,2563200.50582734,1557298.46478641,1759742.99939541,2409707.47770831,1926075.01441377,1768643.90226248
"94",1695220.77513459,1725654.56719908,1880212.7027523,1563390.90624841,1477423.2869595,1975747.89351144,1653608.79208344,1812741.89250003,1485477.95284294,1563875.17968919,1658824.02061412,2030164.10277241,1845736.57535075,1761131.86555987,1714406.40235995,1738824.09310509,1899487.94701727,2153243.98080174,1725687.11553537,2592699.71413032,1587219.2786187,1789811.94811927,2440988.04704935,1957731.65738803,1800493.53441078
"95",1687597.58911204,1718247.66896455,1867760.25257887,1557982.86021993,1468640.81949821,1963457.85576076,1647456.87133618,1802342.09569046,1475839.17887144,1559669.79659787,1655356.9106057,2016425.89640308,1834114.57520612,1754631.38658233,1706898.48206086,1728369.90236718,1885473.72927182,2136730.76187523,1715285.84558234,2575817.16780439,1585060.55204599,1779878.9960808,2426380.09426617,1947420.22729564,1792211.11301228
"96",1730869.40320364,1761135.44166028,1912216.91353782,1596772.41959975,1505464.51161011,2008262.92476096,1688268.52299606,1845588.05223354,1513284.90274401,1598126.7664358,1696341.19846635,2062139.19370424,1880424.19012476,1797358.29003062,1745384.97518581,1774494.47110369,1932387.02733456,2185028.13977144,1761672.40012548,2629614.06161001,1625877.43501588,1824591.3999138,2477819.19278219,1994766.69103663,1833163.32825921
"97",1698343.19731985,1724947.7970764,1880200.2572552,1564098.87189425,1474458.79916153,1972039.87748185,1654904.59888038,1808165.24678537,1482689.35673736,1563849.25527354,1665249.29228537,2023648.26140179,1846784.03751314,1759551.57184958,1709175.5570707,1740137.51686852,1902110.13895345,2146176.00035686,1731297.29827531,2595007.80160013,1592739.35133724,1786080.13105721,2439541.14150245,1965416.85169036,1797294.22518068
"98",1713330.04012719,1740362.44875247,1894245.08503592,1582235.51959724,1491084.4802639,1990271.11176016,1671232.13935732,1822629.59172729,1497754.81565145,1581083.15073339,1683706.04528762,2038899.87528155,1857429.66114501,1775147.9918015,1729811.14645856,1750525.97086961,1917043.31511644,2155597.77131666,1741172.04545759,2610316.67907561,1609416.44987645,1796770.11097998,2457857.43952776,1980130.29419271,1818831.35502412
"99",1709714.26710553,1734742.93402652,1893299.89833266,1578396.74583867,1487772.85410285,1986630.3714222,1668990.39303065,1816697.1574234,1495982.18087902,1576038.99657069,1684822.58646755,2033225.22335441,1855337.36068497,1767764.79152969,1722367.28375895,1741680.07978728,1924020.10210705,2153920.85046118,1733024.76133671,2614549.43573842,1606217.68693516,1790798.28129147,2455438.89391365,1988056.75599504,1811275.60503066
"100",1659398.8450161,1682232.50807041,1843585.62387873,1528970.41385283,1441898.26332374,1932658.3658608,1619728.95001025,1762864.16673466,1451347.58608294,1524896.1631728,1636580.06754555,1977640.46814294,1801835.3472807,1709709.4824686,1667088.72370452,1687463.63903767,1872648.48088164,2099243.49965284,1682614.83047665,2560234.02269245,1555635.91323669,1736436.47577063,2397458.56274824,1937785.36273857,1755222.00599844
"101",1650047.24512175,1675336.61659301,1829027.36601103,1525317.68146022,1435482.56191675,1921612.92683491,1612432.34014485,1754746.89512313,1442411.59491589,1520928.6407545,1628888.55948594,1966736.35607567,1788797.07053423,1707721.42966521,1671073.81735097,1679272.03583296,1855408.67703224,2081743.904458,1671795.24983398,2537640.108639,1550581.11479576,1727870.76043102,2383271.50643428,1918666.71633762,1755449.68295618
"102",1653444.52697538,1678198.1895315,1831954.73111852,1524483.23132932,1434642.80982792,1925414.12702055,1611284.03541219,1756843.16178788,1440424.25704284,1518083.84099869,1628519.53913608,1966767.0062543,1790990.4512201,1710484.01282895,1674081.95357191,1682442.77641935,1858108.38932408,2077603.0882581,1676618.51568077,2534946.85664416,1546620.49169341,1728868.18094633,2380047.77244301,1921896.06856366,1759920.83156476
"103",1644805.65526297,1669840.55385162,1820747.08783626,1519060.18623763,1427843.23029228,1915849.7105288,1605273.62563147,1747734.43352388,1432234.5457329,1510589.69872317,1621678.81051497,1956676.67041685,1776350.86866539,1703787.71835844,1671195.56434899,1667540.59573646,1838984.14495837,2062124.37141709,1660464.78729427,2520576.19425761,1537610.4696671,1717866.28196707,2369197.90427805,1904740.5655795,1756312.0265656
"104",1682049.43327954,1707559.17974714,1857393.80279699,1555783.57548926,1461922.87798867,1955948.95958806,1641180.60165317,1784811.79987434,1464716.71327854,1548527.04425799,1658149.01651615,1995855.08687847,1813341.64748733,1745490.06486319,1713241.32780867,1704568.29108035,1875726.3029066,2098964.39386631,1695615.14634567,2561794.032912,1574152.30683918,1754396.14835512,2412269.23440776,1941743.87005007,1799326.88023798
"105",1642779.12209852,1664671.66016359,1820113.72272242,1515266.52307405,1424353.76721502,1913652.350758,1601572.78719376,1741509.22588116,1428649.38474554,1505646.07680347,1619665.58798841,1952420.49231923,1774661.65190992,1698807.63337408,1665053.66040996,1663500.93196527,1840096.26628523,2058141.62754744,1658407.47122077,2522791.33415911,1533839.83308724,1711763.89295829,2368461.52898759,1906864.27351414,1751964.79132091
"106",1611008.07499727,1633416.00817938,1792089.48584871,1486494.40082476,1397371.87998812,1885130.52645327,1572624.07091599,1710561.50841341,1401825.64386524,1477206.75811765,1591069.05197885,1923011.42282008,1743908.94496244,1666922.15583638,1634554.75491528,1632652.7313864,1809757.09799382,2028341.4151705,1629257.12588633,2493854.37356779,1503989.30737445,1680975.94411689,2337308.39213132,1876266.00742085,1720365.42807852
"107",1573616.43525259,1597606.52176027,1761205.7695809,1453861.92295696,1368043.84413957,1852418.02329252,1541145.94511302,1677152.61933387,1373671.15860851,1443298.30633485,1558594.44998979,1890975.32601174,1711867.77054651,1629663.3957631,1596802.83025744,1601209.66486807,1778405.12593537,1996580.68691921,1600113.61147248,2461425.54775586,1469476.741388,1649208.27562982,2302690.53786563,1843676.87815265,1682076.67315434
"108",1562772.78669404,1590227.56469068,1754641.66702781,1448690.58171442,1363381.69033224,1847876.37518428,1534282.69990407,1669888.72805408,1367771.03911078,1439000.1378373,1551017.92429248,1886185.74591577,1704722.58447286,1632640.94126051,1600533.51570203,1598715.32874362,1769362.9129387,1987318.99963047,1595399.64163636,2449063.47476837,1462630.74551194,1645472.03763088,2293546.66424689,1832723.11351026,1685473.90965129
"109",1517857.04117553,1545394.4037608,1713768.85506773,1403822.77195722,1322832.14705711,1802925.56195908,1491429.74389,1624037.55653501,1329962.02577002,1394704.47357768,1507835.71104691,1839934.18974306,1661821.78075369,1581592.74237467,1548490.06835939,1555861.64288783,1729424.60016908,1945778.57130155,1556212.00371175,2404273.56163478,1418802.65683291,1599461.02375796,2243580.09750723,1791764.21413982,1632390.15137144
"110",1492725.83034337,1521351.64911056,1692088.66655282,1380330.32285137,1301845.51475635,1778503.49041191,1468815.41409115,1600099.58021825,1310622.13983071,1371830.96793464,1484250.53850632,1815562.15313048,1639964.76254595,1554358.96471473,1521101.10791388,1535082.77768136,1707753.02951174,1923423.28142399,1536907.43386217,2379241.17117878,1395773.75579814,1574840.25913974,2215842.15287509,1769150.17994962,1604032.87163753
"111",1423056.98894982,1451718.63517456,1622651.29483809,1315965.81125648,1241566.14453001,1705570.24401442,1403079.75044424,1530198.38198347,1251096.23220411,1306454.42141625,1417450.41801477,1741730.75149939,1570041.45191826,1478519.19842886,1450128.43532894,1467075.37806754,1636495.91797123,1848717.55160884,1470207.69881471,2298334.99323311,1329962.38983703,1503062.27800299,2134896.27998715,1696638.23694246,1531046.20257671
